{
  "0": {
    "precision": 0.8812741312741312,
    "recall": 0.8500931098696461,
    "f1-score": 0.8654028436018958,
    "support": 1074.0
  },
  "1": {
    "precision": 0.5683646112600537,
    "recall": 0.6328358208955224,
    "f1-score": 0.5988700564971752,
    "support": 335.0
  },
  "accuracy": 0.7984386089425124,
  "macro avg": {
    "precision": 0.7248193712670925,
    "recall": 0.7414644653825843,
    "f1-score": 0.7321364500495355,
    "support": 1409.0
  },
  "weighted avg": {
    "precision": 0.8068776165795137,
    "recall": 0.7984386089425124,
    "f1-score": 0.8020327345315753,
    "support": 1409.0
  }
}
