{
  "0": {
    "precision": 0.8272200772200772,
    "recall": 0.8385518590998043,
    "f1-score": 0.8328474246841594,
    "support": 1022.0
  },
  "1": {
    "precision": 0.5576407506702413,
    "recall": 0.537467700258398,
    "f1-score": 0.5473684210526316,
    "support": 387.0
  },
  "accuracy": 0.7558552164655784,
  "macro avg": {
    "precision": 0.6924304139451593,
    "recall": 0.6880097796791012,
    "f1-score": 0.6901079228683955,
    "support": 1409.0
  },
  "weighted avg": {
    "precision": 0.7531766426034793,
    "recall": 0.7558552164655784,
    "f1-score": 0.7544369389457626,
    "support": 1409.0
  }
}
