{
  "0": {
    "precision": 0.86003861003861,
    "recall": 0.8559077809798271,
    "f1-score": 0.8579682233991334,
    "support": 1041.0
  },
  "1": {
    "precision": 0.5978552278820375,
    "recall": 0.6059782608695652,
    "f1-score": 0.601889338731444,
    "support": 368.0
  },
  "accuracy": 0.7906316536550745,
  "macro avg": {
    "precision": 0.7289469189603237,
    "recall": 0.7309430209246961,
    "f1-score": 0.7299287810652887,
    "support": 1409.0
  },
  "weighted avg": {
    "precision": 0.7915620418103498,
    "recall": 0.7906316536550745,
    "f1-score": 0.7910860164738603,
    "support": 1409.0
  }
}
