{
  "0": {
    "precision": 0.8638996138996139,
    "recall": 0.8341099720410066,
    "f1-score": 0.8487434803224277,
    "support": 1073.0
  },
  "1": {
    "precision": 0.5227882037533512,
    "recall": 0.5803571428571429,
    "f1-score": 0.5500705218617772,
    "support": 336.0
  },
  "accuracy": 0.7735982966643009,
  "macro avg": {
    "precision": 0.6933439088264826,
    "recall": 0.7072335574490747,
    "f1-score": 0.6994070010921025,
    "support": 1409.0
  },
  "weighted avg": {
    "precision": 0.7825557999825492,
    "recall": 0.7735982966643009,
    "f1-score": 0.7775198365731171,
    "support": 1409.0
  }
}
