{
  "0": {
    "precision": 0.9030732860520094,
    "recall": 0.7374517374517374,
    "f1-score": 0.8119022316684378,
    "support": 1036.0
  },
  "1": {
    "precision": 0.5168738898756661,
    "recall": 0.7801608579088471,
    "f1-score": 0.6217948717948718,
    "support": 373.0
  },
  "accuracy": 0.7487579843860894,
  "macro avg": {
    "precision": 0.7099735879638378,
    "recall": 0.7588062976802923,
    "f1-score": 0.7168485517316547,
    "support": 1409.0
  },
  "weighted avg": {
    "precision": 0.8008359725149079,
    "recall": 0.7487579843860894,
    "f1-score": 0.7615757268899849,
    "support": 1409.0
  }
}
