{
  "0": {
    "precision": 0.9170792079207921,
    "recall": 0.7152509652509652,
    "f1-score": 0.8036876355748374,
    "support": 1036.0
  },
  "1": {
    "precision": 0.5091514143094842,
    "recall": 0.8203753351206434,
    "f1-score": 0.6283367556468172,
    "support": 373.0
  },
  "accuracy": 0.7430801987224982,
  "macro avg": {
    "precision": 0.7131153111151382,
    "recall": 0.7678131501858043,
    "f1-score": 0.7160121956108273,
    "support": 1409.0
  },
  "weighted avg": {
    "precision": 0.8090898062053784,
    "recall": 0.7430801987224982,
    "f1-score": 0.7572675658706844,
    "support": 1409.0
  }
}
