{
  "0": {
    "precision": 0.8921113689095128,
    "recall": 0.7422779922779923,
    "f1-score": 0.8103266596417281,
    "support": 1036.0
  },
  "1": {
    "precision": 0.5118829981718465,
    "recall": 0.7506702412868632,
    "f1-score": 0.6086956521739131,
    "support": 373.0
  },
  "accuracy": 0.7444996451383961,
  "macro avg": {
    "precision": 0.7019971835406796,
    "recall": 0.7464741167824278,
    "f1-score": 0.7095111559078207,
    "support": 1409.0
  },
  "weighted avg": {
    "precision": 0.7914547455701589,
    "recall": 0.7444996451383961,
    "f1-score": 0.7569495370118523,
    "support": 1409.0
  }
}
