{
  "0": {
    "precision": 0.7123552123552124,
    "recall": 0.9099876695437731,
    "f1-score": 0.7991337303735788,
    "support": 811.0
  },
  "1": {
    "precision": 0.8042895442359249,
    "recall": 0.5016722408026756,
    "f1-score": 0.6179196704428425,
    "support": 598.0
  },
  "accuracy": 0.7366926898509581,
  "macro avg": {
    "precision": 0.7583223782955686,
    "recall": 0.7058299551732243,
    "f1-score": 0.7085267004082106,
    "support": 1409.0
  },
  "weighted avg": {
    "precision": 0.7513734738631371,
    "recall": 0.7366926898509581,
    "f1-score": 0.722223859657766,
    "support": 1409.0
  }
}
