{
  "0": {
    "precision": 0.8784596871239471,
    "recall": 0.7046332046332047,
    "f1-score": 0.7820032137118371,
    "support": 1036.0
  },
  "1": {
    "precision": 0.47058823529411764,
    "recall": 0.7292225201072386,
    "f1-score": 0.5720294426919033,
    "support": 373.0
  },
  "accuracy": 0.7111426543647977,
  "macro avg": {
    "precision": 0.6745239612090324,
    "recall": 0.7169278623702217,
    "f1-score": 0.6770163282018702,
    "support": 1409.0
  },
  "weighted avg": {
    "precision": 0.7704852005856034,
    "recall": 0.7111426543647977,
    "f1-score": 0.7264175383460207,
    "support": 1409.0
  }
}
