{
  "0": {
    "precision": 0.946515397082658,
    "recall": 0.5637065637065637,
    "f1-score": 0.7065940713853599,
    "support": 1036.0
  },
  "1": {
    "precision": 0.4292929292929293,
    "recall": 0.9115281501340483,
    "f1-score": 0.5836909871244635,
    "support": 373.0
  },
  "accuracy": 0.6557842441447835,
  "macro avg": {
    "precision": 0.6879041631877936,
    "recall": 0.7376173569203059,
    "f1-score": 0.6451425292549118,
    "support": 1409.0
  },
  "weighted avg": {
    "precision": 0.8095927707621692,
    "recall": 0.6557842441447835,
    "f1-score": 0.6740583365171453,
    "support": 1409.0
  }
}
