{
  "0": {
    "precision": 0.9114077669902912,
    "recall": 0.724903474903475,
    "f1-score": 0.8075268817204301,
    "support": 1036.0
  },
  "1": {
    "precision": 0.5128205128205128,
    "recall": 0.8042895442359249,
    "f1-score": 0.6263048016701461,
    "support": 373.0
  },
  "accuracy": 0.7459190915542938,
  "macro avg": {
    "precision": 0.7121141399054021,
    "recall": 0.7645965095696999,
    "f1-score": 0.7169158416952881,
    "support": 1409.0
  },
  "weighted avg": {
    "precision": 0.8058910559858005,
    "recall": 0.7459190915542938,
    "f1-score": 0.7595525482507666,
    "support": 1409.0
  }
}
