{
  "0": {
    "precision": 0.890926640926641,
    "recall": 0.8337850045167118,
    "f1-score": 0.861409239384041,
    "support": 1107.0
  },
  "1": {
    "precision": 0.5067024128686327,
    "recall": 0.6258278145695364,
    "f1-score": 0.56,
    "support": 302.0
  },
  "accuracy": 0.7892122072391767,
  "macro avg": {
    "precision": 0.6988145268976369,
    "recall": 0.729806409543124,
    "f1-score": 0.7107046196920206,
    "support": 1409.0
  },
  "weighted avg": {
    "precision": 0.8085733997105171,
    "recall": 0.7892122072391767,
    "f1-score": 0.7968062654351551,
    "support": 1409.0
  }
}
