{
  "0": {
    "precision": 0.9035714285714286,
    "recall": 0.7326254826254827,
    "f1-score": 0.8091684434968017,
    "support": 1036.0
  },
  "1": {
    "precision": 0.5131810193321616,
    "recall": 0.7828418230563002,
    "f1-score": 0.6199575371549894,
    "support": 373.0
  },
  "accuracy": 0.7459190915542938,
  "macro avg": {
    "precision": 0.7083762239517951,
    "recall": 0.7577336528408914,
    "f1-score": 0.7145629903258955,
    "support": 1409.0
  },
  "weighted avg": {
    "precision": 0.800224641739458,
    "recall": 0.7459190915542938,
    "f1-score": 0.7590792539542213,
    "support": 1409.0
  }
}
