{
  "0": {
    "precision": 0.9081015719467956,
    "recall": 0.724903474903475,
    "f1-score": 0.8062265163714439,
    "support": 1036.0
  },
  "1": {
    "precision": 0.5103092783505154,
    "recall": 0.7962466487935657,
    "f1-score": 0.6219895287958115,
    "support": 373.0
  },
  "accuracy": 0.7437899219304471,
  "macro avg": {
    "precision": 0.7092054251486555,
    "recall": 0.7605750618485203,
    "f1-score": 0.7141080225836277,
    "support": 1409.0
  },
  "weighted avg": {
    "precision": 0.8027953082765241,
    "recall": 0.7437899219304471,
    "f1-score": 0.7574540562112516,
    "support": 1409.0
  }
}
