{
  "0": {
    "precision": 0.9232804232804233,
    "recall": 0.6737451737451737,
    "f1-score": 0.7790178571428571,
    "support": 1036.0
  },
  "1": {
    "precision": 0.48238897396630936,
    "recall": 0.8445040214477212,
    "f1-score": 0.6140350877192983,
    "support": 373.0
  },
  "accuracy": 0.7189496096522356,
  "macro avg": {
    "precision": 0.7028346986233663,
    "recall": 0.7591245975964475,
    "f1-score": 0.6965264724310777,
    "support": 1409.0
  },
  "weighted avg": {
    "precision": 0.8065646599062825,
    "recall": 0.7189496096522356,
    "f1-score": 0.735342503704257,
    "support": 1409.0
  }
}
