{
  "0": {
    "precision": 0.8714574898785425,
    "recall": 0.831081081081081,
    "f1-score": 0.8507905138339921,
    "support": 1036.0
  },
  "1": {
    "precision": 0.5843230403800475,
    "recall": 0.6595174262734584,
    "f1-score": 0.6196473551637279,
    "support": 373.0
  },
  "accuracy": 0.7856635911994322,
  "macro avg": {
    "precision": 0.727890265129295,
    "recall": 0.7452992536772698,
    "f1-score": 0.73521893449886,
    "support": 1409.0
  },
  "weighted avg": {
    "precision": 0.7954453183647465,
    "recall": 0.7856635911994322,
    "f1-score": 0.7896007351370378,
    "support": 1409.0
  }
}
