{
  "0": {
    "precision": 0.86003861003861,
    "recall": 0.8303821062441752,
    "f1-score": 0.844950213371266,
    "support": 1073.0
  },
  "1": {
    "precision": 0.5120643431635389,
    "recall": 0.5684523809523809,
    "f1-score": 0.538787023977433,
    "support": 336.0
  },
  "accuracy": 0.7679205110007097,
  "macro avg": {
    "precision": 0.6860514766010745,
    "recall": 0.6994172435982781,
    "f1-score": 0.6918686186743495,
    "support": 1409.0
  },
  "weighted avg": {
    "precision": 0.7770582312806088,
    "recall": 0.7679205110007097,
    "f1-score": 0.7719403967379603,
    "support": 1409.0
  }
}
