{
  "0": {
    "precision": 0.8706563706563707,
    "recall": 0.833641404805915,
    "f1-score": 0.8517469310670444,
    "support": 1082.0
  },
  "1": {
    "precision": 0.517426273458445,
    "recall": 0.5902140672782875,
    "f1-score": 0.5514285714285714,
    "support": 327.0
  },
  "accuracy": 0.7771469127040455,
  "macro avg": {
    "precision": 0.6940413220574079,
    "recall": 0.7119277360421012,
    "f1-score": 0.7015877512478079,
    "support": 1409.0
  },
  "weighted avg": {
    "precision": 0.7886789101995064,
    "recall": 0.7771469127040455,
    "f1-score": 0.7820491996250426,
    "support": 1409.0
  }
}
