{
  "0": {
    "precision": 0.9215425531914894,
    "recall": 0.668918918918919,
    "f1-score": 0.7751677852348994,
    "support": 1036.0
  },
  "1": {
    "precision": 0.4779299847792998,
    "recall": 0.8418230563002681,
    "f1-score": 0.6097087378640776,
    "support": 373.0
  },
  "accuracy": 0.7146912704045423,
  "macro avg": {
    "precision": 0.6997362689853945,
    "recall": 0.7553709876095935,
    "f1-score": 0.6924382615494885,
    "support": 1409.0
  },
  "weighted avg": {
    "precision": 0.8041064367842881,
    "recall": 0.7146912704045423,
    "f1-score": 0.7313663482800971,
    "support": 1409.0
  }
}
