{
  "0": {
    "precision": 0.9085365853658537,
    "recall": 0.7191119691119691,
    "f1-score": 0.802801724137931,
    "support": 1036.0
  },
  "1": {
    "precision": 0.5059422750424448,
    "recall": 0.7989276139410187,
    "f1-score": 0.6195426195426196,
    "support": 373.0
  },
  "accuracy": 0.7402413058907026,
  "macro avg": {
    "precision": 0.7072394302041493,
    "recall": 0.7590197915264939,
    "f1-score": 0.7111721718402753,
    "support": 1409.0
  },
  "weighted avg": {
    "precision": 0.8019590993824388,
    "recall": 0.7402413058907026,
    "f1-score": 0.7542881357674192,
    "support": 1409.0
  }
}
