{
  "0": {
    "precision": 0.8822393822393823,
    "recall": 0.8502325581395349,
    "f1-score": 0.8659403126480341,
    "support": 1075.0
  },
  "1": {
    "precision": 0.5683646112600537,
    "recall": 0.6347305389221557,
    "f1-score": 0.5997171145685997,
    "support": 334.0
  },
  "accuracy": 0.7991483321504613,
  "macro avg": {
    "precision": 0.725301996749718,
    "recall": 0.7424815485308454,
    "f1-score": 0.7328287136083169,
    "support": 1409.0
  },
  "weighted avg": {
    "precision": 0.8078361363152546,
    "recall": 0.7991483321504613,
    "f1-score": 0.8028327554028026,
    "support": 1409.0
  }
}
