{
  "0": {
    "precision": 0.8233590733590733,
    "recall": 0.8154875717017208,
    "f1-score": 0.8194044188280499,
    "support": 1046.0
  },
  "1": {
    "precision": 0.48257372654155495,
    "recall": 0.49586776859504134,
    "f1-score": 0.4891304347826087,
    "support": 363.0
  },
  "accuracy": 0.7331440738112136,
  "macro avg": {
    "precision": 0.6529663999503141,
    "recall": 0.6556776701483811,
    "f1-score": 0.6542674268053293,
    "support": 1409.0
  },
  "weighted avg": {
    "precision": 0.7355627065068667,
    "recall": 0.7331440738112136,
    "f1-score": 0.7343160893685076,
    "support": 1409.0
  }
}
