{
  "0": {
    "precision": 0.9242021276595744,
    "recall": 0.6708494208494209,
    "f1-score": 0.7774049217002237,
    "support": 1036.0
  },
  "1": {
    "precision": 0.4809741248097412,
    "recall": 0.8471849865951743,
    "f1-score": 0.6135922330097088,
    "support": 373.0
  },
  "accuracy": 0.7175301632363378,
  "macro avg": {
    "precision": 0.7025881262346578,
    "recall": 0.7590172037222975,
    "f1-score": 0.6954985773549662,
    "support": 1409.0
  },
  "weighted avg": {
    "precision": 0.8068678160463822,
    "recall": 0.7175301632363378,
    "f1-score": 0.7340393199390015,
    "support": 1409.0
  }
}
