{
  "0": {
    "precision": 0.8774131274131274,
    "recall": 0.8324175824175825,
    "f1-score": 0.8543233082706767,
    "support": 1092.0
  },
  "1": {
    "precision": 0.5093833780160858,
    "recall": 0.5993690851735016,
    "f1-score": 0.5507246376811594,
    "support": 317.0
  },
  "accuracy": 0.7799858055358411,
  "macro avg": {
    "precision": 0.6933982527146065,
    "recall": 0.715893333795542,
    "f1-score": 0.7025239729759181,
    "support": 1409.0
  },
  "weighted avg": {
    "precision": 0.7946129637801521,
    "recall": 0.7799858055358411,
    "f1-score": 0.7860189941635958,
    "support": 1409.0
  }
}
