{
  "0": {
    "precision": 0.8503861003861004,
    "recall": 0.8256794751640113,
    "f1-score": 0.837850689491203,
    "support": 1067.0
  },
  "1": {
    "precision": 0.5013404825737265,
    "recall": 0.5467836257309941,
    "f1-score": 0.5230769230769231,
    "support": 342.0
  },
  "accuracy": 0.7579843860894251,
  "macro avg": {
    "precision": 0.6758632914799134,
    "recall": 0.6862315504475027,
    "f1-score": 0.6804638062840631,
    "support": 1409.0
  },
  "weighted avg": {
    "precision": 0.7656638851328487,
    "recall": 0.7579843860894251,
    "f1-score": 0.7614471209222294,
    "support": 1409.0
  }
}
